{
  "Total" : {
    "transaction" : "Total",
    "sampleCount" : 400,
    "errorCount" : 17,
    "errorPct" : 4.25,
    "meanResTime" : 10055.592500000013,
    "medianResTime" : 2955.5,
    "minResTime" : 83.0,
    "maxResTime" : 34284.0,
    "pct1ResTime" : 20770.2,
    "pct2ResTime" : 23819.949999999993,
    "pct3ResTime" : 31657.630000000012,
    "throughput" : 7.960674269110594,
    "receivedKBytesPerSec" : 35.35522798624793,
    "sentKBytesPerSec" : 2.7254231284952337
  },
  "Create Booking" : {
    "transaction" : "Create Booking",
    "sampleCount" : 100,
    "errorCount" : 17,
    "errorPct" : 17.0,
    "meanResTime" : 1000.3399999999999,
    "medianResTime" : 947.5,
    "minResTime" : 83.0,
    "maxResTime" : 2973.0,
    "pct1ResTime" : 1995.3,
    "pct2ResTime" : 2034.9499999999998,
    "pct3ResTime" : 2963.9799999999955,
    "throughput" : 7.587253414264037,
    "receivedKBytesPerSec" : 10.172476645485585,
    "sentKBytesPerSec" : 3.6027598634294384
  },
  "Search Properties" : {
    "transaction" : "Search Properties",
    "sampleCount" : 100,
    "errorCount" : 0,
    "errorPct" : 0.0,
    "meanResTime" : 20811.329999999987,
    "medianResTime" : 19025.0,
    "minResTime" : 16986.0,
    "maxResTime" : 34284.0,
    "pct1ResTime" : 27022.000000000004,
    "pct2ResTime" : 30419.449999999997,
    "pct3ResTime" : 34270.619999999995,
    "throughput" : 2.2047799629596967,
    "receivedKBytesPerSec" : 29.353803107637358,
    "sentKBytesPerSec" : 0.7110415380545021
  },
  "Get Property Details" : {
    "transaction" : "Get Property Details",
    "sampleCount" : 100,
    "errorCount" : 0,
    "errorPct" : 0.0,
    "meanResTime" : 1431.5300000000007,
    "medianResTime" : 1085.5,
    "minResTime" : 139.0,
    "maxResTime" : 3030.0,
    "pct1ResTime" : 2032.4,
    "pct2ResTime" : 2904.8,
    "pct3ResTime" : 3029.7599999999998,
    "throughput" : 6.298419096806701,
    "receivedKBytesPerSec" : 11.070886246614599,
    "sentKBytesPerSec" : 1.8318927339862694
  },
  "User Login" : {
    "transaction" : "User Login",
    "sampleCount" : 100,
    "errorCount" : 0,
    "errorPct" : 0.0,
    "meanResTime" : 16979.170000000006,
    "medianResTime" : 18346.5,
    "minResTime" : 769.0,
    "maxResTime" : 24575.0,
    "pct1ResTime" : 20770.2,
    "pct2ResTime" : 21547.35,
    "pct3ResTime" : 24563.069999999992,
    "throughput" : 3.679175864606328,
    "receivedKBytesPerSec" : 4.9770913815305375,
    "sentKBytesPerSec" : 1.0347682119205297
  }
}