{
  "Total" : {
    "transaction" : "Total",
    "sampleCount" : 400,
    "errorCount" : 11,
    "errorPct" : 2.75,
    "meanResTime" : 7664.160000000002,
    "medianResTime" : 5053.5,
    "minResTime" : 119.0,
    "maxResTime" : 29269.0,
    "pct1ResTime" : 16263.400000000001,
    "pct2ResTime" : 18703.199999999997,
    "pct3ResTime" : 26734.16,
    "throughput" : 9.49893137022085,
    "receivedKBytesPerSec" : 39.31379497150321,
    "sentKBytesPerSec" : 3.170593015317027
  },
  "Create Booking" : {
    "transaction" : "Create Booking",
    "sampleCount" : 100,
    "errorCount" : 0,
    "errorPct" : 0.0,
    "meanResTime" : 938.5699999999999,
    "medianResTime" : 981.5,
    "minResTime" : 119.0,
    "maxResTime" : 4017.0,
    "pct1ResTime" : 2077.7,
    "pct2ResTime" : 2605.4999999999945,
    "pct3ResTime" : 4016.2799999999997,
    "throughput" : 5.324530110217774,
    "receivedKBytesPerSec" : 7.291018432857676,
    "sentKBytesPerSec" : 2.5306077285554553
  },
  "Search Properties" : {
    "transaction" : "Search Properties",
    "sampleCount" : 100,
    "errorCount" : 11,
    "errorPct" : 11.0,
    "meanResTime" : 15599.300000000007,
    "medianResTime" : 14684.5,
    "minResTime" : 5687.0,
    "maxResTime" : 29269.0,
    "pct1ResTime" : 24968.800000000003,
    "pct2ResTime" : 26634.299999999996,
    "pct3ResTime" : 29262.51,
    "throughput" : 2.6964353125168525,
    "receivedKBytesPerSec" : 32.5506877174001,
    "sentKBytesPerSec" : 0.7750144933398048
  },
  "Get Property Details" : {
    "transaction" : "Get Property Details",
    "sampleCount" : 100,
    "errorCount" : 0,
    "errorPct" : 0.0,
    "meanResTime" : 1930.9300000000014,
    "medianResTime" : 1007.5,
    "minResTime" : 121.0,
    "maxResTime" : 7733.0,
    "pct1ResTime" : 7658.400000000003,
    "pct2ResTime" : 7718.9,
    "pct3ResTime" : 7732.94,
    "throughput" : 3.8729666924864445,
    "receivedKBytesPerSec" : 6.819371490123935,
    "sentKBytesPerSec" : 1.1277746175445391
  },
  "User Login" : {
    "transaction" : "User Login",
    "sampleCount" : 100,
    "errorCount" : 0,
    "errorPct" : 0.0,
    "meanResTime" : 12187.84,
    "medianResTime" : 13899.0,
    "minResTime" : 909.0,
    "maxResTime" : 20331.0,
    "pct1ResTime" : 16353.5,
    "pct2ResTime" : 17732.099999999995,
    "pct3ResTime" : 20313.80999999999,
    "throughput" : 4.185851820845541,
    "receivedKBytesPerSec" : 5.664307764755128,
    "sentKBytesPerSec" : 1.1772708246128087
  }
}