{
  "Total" : {
    "transaction" : "Total",
    "sampleCount" : 400,
    "errorCount" : 82,
    "errorPct" : 20.5,
    "meanResTime" : 9865.567499999992,
    "medianResTime" : 3047.5,
    "minResTime" : 164.0,
    "maxResTime" : 32324.0,
    "pct1ResTime" : 20179.3,
    "pct2ResTime" : 25247.999999999996,
    "pct3ResTime" : 31112.480000000003,
    "throughput" : 8.13041180535794,
    "receivedKBytesPerSec" : 35.961649069830074,
    "sentKBytesPerSec" : 2.7838522081690313
  },
  "Create Booking" : {
    "transaction" : "Create Booking",
    "sampleCount" : 100,
    "errorCount" : 82,
    "errorPct" : 82.0,
    "meanResTime" : 1609.0,
    "medianResTime" : 1118.5,
    "minResTime" : 164.0,
    "maxResTime" : 4924.0,
    "pct1ResTime" : 2916.4,
    "pct2ResTime" : 3033.6,
    "pct3ResTime" : 4905.249999999991,
    "throughput" : 7.60051683514479,
    "receivedKBytesPerSec" : 9.60841899749183,
    "sentKBytesPerSec" : 3.609503258721593
  },
  "Search Properties" : {
    "transaction" : "Search Properties",
    "sampleCount" : 100,
    "errorCount" : 0,
    "errorPct" : 0.0,
    "meanResTime" : 21358.62,
    "medianResTime" : 19064.0,
    "minResTime" : 17693.0,
    "maxResTime" : 32324.0,
    "pct1ResTime" : 28260.2,
    "pct2ResTime" : 30738.149999999994,
    "pct3ResTime" : 32322.28,
    "throughput" : 2.265159580492446,
    "receivedKBytesPerSec" : 30.157812606179355,
    "sentKBytesPerSec" : 0.7306466889029832
  },
  "Get Property Details" : {
    "transaction" : "Get Property Details",
    "sampleCount" : 100,
    "errorCount" : 0,
    "errorPct" : 0.0,
    "meanResTime" : 1260.73,
    "medianResTime" : 1003.5,
    "minResTime" : 901.0,
    "maxResTime" : 3006.0,
    "pct1ResTime" : 2043.1000000000001,
    "pct2ResTime" : 2061.95,
    "pct3ResTime" : 2996.7499999999955,
    "throughput" : 6.6467264872050515,
    "receivedKBytesPerSec" : 11.70907849368561,
    "sentKBytesPerSec" : 1.9334574401794615
  },
  "User Login" : {
    "transaction" : "User Login",
    "sampleCount" : 100,
    "errorCount" : 0,
    "errorPct" : 0.0,
    "meanResTime" : 15233.919999999998,
    "medianResTime" : 16781.0,
    "minResTime" : 813.0,
    "maxResTime" : 21787.0,
    "pct1ResTime" : 19114.5,
    "pct2ResTime" : 20544.85,
    "pct3ResTime" : 21786.75,
    "throughput" : 3.823653118189118,
    "receivedKBytesPerSec" : 5.172760414675181,
    "sentKBytesPerSec" : 1.0754024394906894
  }
}