{
  "Total" : {
    "transaction" : "Total",
    "sampleCount" : 400,
    "errorCount" : 100,
    "errorPct" : 25.0,
    "meanResTime" : 9060.677499999994,
    "medianResTime" : 2058.5,
    "minResTime" : 85.0,
    "maxResTime" : 32636.0,
    "pct1ResTime" : 22725.3,
    "pct2ResTime" : 30437.85,
    "pct3ResTime" : 32267.930000000004,
    "throughput" : 8.713457935781816,
    "receivedKBytesPerSec" : 38.43426308652464,
    "sentKBytesPerSec" : 2.9844018891865987
  },
  "Create Booking" : {
    "transaction" : "Create Booking",
    "sampleCount" : 100,
    "errorCount" : 100,
    "errorPct" : 100.0,
    "meanResTime" : 955.5100000000001,
    "medianResTime" : 987.0,
    "minResTime" : 85.0,
    "maxResTime" : 2058.0,
    "pct1ResTime" : 1919.9,
    "pct2ResTime" : 1955.95,
    "pct3ResTime" : 2057.49,
    "throughput" : 12.319822594554639,
    "receivedKBytesPerSec" : 14.980856150671428,
    "sentKBytesPerSec" : 5.852156353948502
  },
  "Search Properties" : {
    "transaction" : "Search Properties",
    "sampleCount" : 100,
    "errorCount" : 0,
    "errorPct" : 0.0,
    "meanResTime" : 22871.920000000002,
    "medianResTime" : 22192.0,
    "minResTime" : 16050.0,
    "maxResTime" : 32636.0,
    "pct1ResTime" : 31414.200000000004,
    "pct2ResTime" : 31958.899999999998,
    "pct3ResTime" : 32634.94,
    "throughput" : 2.4396789382517263,
    "receivedKBytesPerSec" : 32.48160901400376,
    "sentKBytesPerSec" : 0.7872253073995463
  },
  "Get Property Details" : {
    "transaction" : "Get Property Details",
    "sampleCount" : 100,
    "errorCount" : 0,
    "errorPct" : 0.0,
    "meanResTime" : 1424.7799999999997,
    "medianResTime" : 1066.5,
    "minResTime" : 962.0,
    "maxResTime" : 2845.0,
    "pct1ResTime" : 1981.8,
    "pct2ResTime" : 2022.75,
    "pct3ResTime" : 2837.399999999996,
    "throughput" : 9.980039920159681,
    "receivedKBytesPerSec" : 17.572862088323355,
    "sentKBytesPerSec" : 2.9049323228542914
  },
  "User Login" : {
    "transaction" : "User Login",
    "sampleCount" : 100,
    "errorCount" : 0,
    "errorPct" : 0.0,
    "meanResTime" : 10990.499999999998,
    "medianResTime" : 12060.5,
    "minResTime" : 776.0,
    "maxResTime" : 19889.0,
    "pct1ResTime" : 15314.2,
    "pct2ResTime" : 15685.8,
    "pct3ResTime" : 19886.969999999998,
    "throughput" : 4.049730692908922,
    "receivedKBytesPerSec" : 5.479079977119021,
    "sentKBytesPerSec" : 1.138986757380634
  }
}