{
  "Total" : {
    "transaction" : "Total",
    "sampleCount" : 400,
    "errorCount" : 200,
    "errorPct" : 50.0,
    "meanResTime" : 4764.2925000000005,
    "medianResTime" : 915.0,
    "minResTime" : 0.0,
    "maxResTime" : 21351.0,
    "pct1ResTime" : 17124.200000000004,
    "pct2ResTime" : 18492.95,
    "pct3ResTime" : 20333.630000000005,
    "throughput" : 13.702384214853385,
    "receivedKBytesPerSec" : 18.869380684348453,
    "sentKBytesPerSec" : 3.590017973674294
  },
  "Create Booking" : {
    "transaction" : "Create Booking",
    "sampleCount" : 100,
    "errorCount" : 100,
    "errorPct" : 100.0,
    "meanResTime" : 650.68,
    "medianResTime" : 261.0,
    "minResTime" : 84.0,
    "maxResTime" : 11711.0,
    "pct1ResTime" : 1007.6,
    "pct2ResTime" : 1035.8499999999997,
    "pct3ResTime" : 11613.81999999995,
    "throughput" : 5.899356970090261,
    "receivedKBytesPerSec" : 7.185001991032977,
    "sentKBytesPerSec" : 2.804498997109315
  },
  "Search Properties" : {
    "transaction" : "Search Properties",
    "sampleCount" : 100,
    "errorCount" : 100,
    "errorPct" : 100.0,
    "meanResTime" : 0.0,
    "medianResTime" : 0.0,
    "minResTime" : 0.0,
    "maxResTime" : 0.0,
    "pct1ResTime" : 0.0,
    "pct2ResTime" : 0.0,
    "pct3ResTime" : 0.0,
    "throughput" : 4.295717169981528,
    "receivedKBytesPerSec" : 5.067603848962585,
    "sentKBytesPerSec" : 0.0
  },
  "Get Property Details" : {
    "transaction" : "Get Property Details",
    "sampleCount" : 100,
    "errorCount" : 0,
    "errorPct" : 0.0,
    "meanResTime" : 3408.2800000000007,
    "medianResTime" : 1019.5,
    "minResTime" : 98.0,
    "maxResTime" : 19901.0,
    "pct1ResTime" : 12572.800000000005,
    "pct2ResTime" : 15042.8,
    "pct3ResTime" : 19885.469999999994,
    "throughput" : 3.996962308645429,
    "receivedKBytesPerSec" : 7.024309961928934,
    "sentKBytesPerSec" : 1.1645446335784804
  },
  "User Login" : {
    "transaction" : "User Login",
    "sampleCount" : 100,
    "errorCount" : 0,
    "errorPct" : 0.0,
    "meanResTime" : 14998.210000000001,
    "medianResTime" : 16276.5,
    "minResTime" : 1007.0,
    "maxResTime" : 21351.0,
    "pct1ResTime" : 18946.1,
    "pct2ResTime" : 19842.59999999999,
    "pct3ResTime" : 21347.03,
    "throughput" : 4.114887663566784,
    "receivedKBytesPerSec" : 5.568761058760596,
    "sentKBytesPerSec" : 1.1573121553781582
  }
}